<?xml version="1.0" encoding="UTF-8" ?>
<!DOCTYPE mapper
PUBLIC "-//mybatis.org//DTD Mapper 3.0//EN"
"http://mybatis.org/dtd/mybatis-3-mapper.dtd">
<mapper namespace="com.ruoyi.ai.mapper.AiPwdMapper">

    <resultMap type="com.ruoyi.ai.domain.AiPwd" id="AiPwdResult">
        <result property="id" column="id"/>
        <result property="text" column="text"/>
        <result property="keyWord" column="key_word"/>
        <result property="ciphertext" column="ciphertext"/>
        <result property="remark" column="remark"/>
        <result property="encodeType" column="encode_type"/>
        <result property="delFlag" column="del_flag"/>
        <result property="createTime" column="create_time"/>
        <result property="createBy" column="create_by"/>
        <result property="updateTime" column="update_time"/>
        <result property="updateBy" column="update_by"/>
        <result property="userId" column="user_id"/>
    </resultMap>


</mapper>
